year,site_name,max,latitude,longitude
1995,Hunt Club 2,1145088.955,41.14786,-73.30736
1995,Indian 1,14,41.11643,-73.37585
1995,Indian 2,58.013,41.11837,-73.37903
1995,Indian 3,12,41.12117,-73.37998
1995,Sasco 2,2112.879,41.13293,-73.29675
1995,Sasco 3,10520.575,41.13702,-73.29708
1995,Sasco 4,30598.655000000002,41.13813,-73.29793
1995,Sasco 6,1971.705,41.14556,-73.30111
1995,Sasco 7,1391.3229999999999,41.14573,-73.30314
1995,Sasco 8,1391.3229999999999,41.14579,-73.30318
1995,Sasco 9,47853.255000000005,41.1528,-73.30605
1995,West Saug 1,45,41.17809,-73.37404
1996,Hunt Club 2,449414.85500000004,41.14786,-73.30736
1996,Sasco 2,9265.695,41.13293,-73.29675
1996,Sasco 4,3516.776,41.13813,-73.29793
1996,Sasco 6,1240.7374,41.14556,-73.30111
1996,Sasco 7,72166.55500000001,41.14573,-73.30314
1996,Sasco 8,2912.865,41.14579,-73.30318
1996,Sasco 9,7210.829,41.1528,-73.30605
1997,Hunt Club 2,130204.755,41.14786,-73.30736
1997,Muddy 1,352.90979999999996,41.12735,-73.329580000000007
1997,New 1,8324.535,41.118839,-73.316926
1997,New 1.5,1046.231,41.120757,-73.31513
1997,New 2,4324.605,41.123344,-73.313794
1997,New 3,2285.4249999999997,41.130641,-73.31282
1997,New 4,6285.355,41.13149,-73.313413
1997,Pussy Willow 1,1579.5549999999998,41.1234,-73.34916
1997,Pussy Willow 2,2450.1279999999997,41.126496,-73.351695
1997,Sasco 2,105.071,41.13293,-73.29675
1997,Sasco 4,2599.145,41.13813,-73.29793
1997,Sasco 6,826.6270000000001,41.14556,-73.30111
1997,Sasco 9,685.4530000000001,41.1528,-73.30605
1998,Hunt Club 2,18049.855000000003,41.14786,-73.30736
1998,Muddy 1,889.371,41.12735,-73.329580000000007
1998,Muddy 2,3854.025,41.13293,-73.32859
1998,Muddy 3,5422.625,41.13857,-73.32546
1998,Muddy 4,23226.235,41.14107,-73.32172
1998,New 1,544.279,41.118839,-73.316926
1998,New 2,2363.855,41.123344,-73.313794
1998,New 3,2285.4249999999997,41.130641,-73.31282
1998,New 4,2756.005,41.13149,-73.313413
1998,Pussy Willow 1,7853.955,41.1234,-73.34916
1998,Pussy Willow 2,7853.955,41.126496,-73.351695
1998,Pussy Willow 3,1893.2749999999999,41.129896,-73.34824
1998,Pussy Willow 4,14912.655,41.136663,-73.34445
1998,Sasco 3,5736.345,41.13702,-73.29708
1998,Sasco 4,1030.545,41.13813,-73.29793
1998,Sasco 6,528.5930000000001,41.14556,-73.30111
1998,Sasco 7,167.81500000000003,41.14573,-73.30314
1998,Sasco 8,261.931,41.14579,-73.30318
1998,Sasco 9,685.4530000000001,41.1528,-73.30605
1999,Hunt Club 2,200791.75499999998,41.14786,-73.30736
1999,Muddy 1,4246.175,41.12735,-73.329580000000007
1999,Muddy 3,2520.715,41.13857,-73.32546
1999,Muddy 4,2050.135,41.14107,-73.32172
1999,New 1,450.16299999999995,41.118839,-73.316926
1999,New 2,3822.653,41.123344,-73.313794
1999,New 4,2944.237,41.13149,-73.313413
1999,Pussy Willow 1,5281.451,41.1234,-73.34916
1999,Pussy Willow 2,2065.821,41.126496,-73.351695
1999,Pussy Willow 4,14677.365,41.136663,-73.34445
1999,Sasco 1,2332.4829999999997,41.12478,-73.29888
1999,Sasco 3,5265.765,41.13702,-73.29708
1999,Sasco 4,12246.035,41.13813,-73.29793
1999,Sasco 5,5595.171,41.13853,-73.2979
1999,Sasco 6,1971.705,41.14556,-73.30111
1999,Sasco 9,3414.817,41.1528,-73.30605
2000,Hunt Club 2,423532.955,41.14786,-73.30736
2000,Sasco 1,3900,41.12478,-73.29888
2000,Sasco 3,2771.691,41.13702,-73.29708
2000,Sasco 4,3383.4449999999997,41.13813,-73.29793
2000,Sasco 6,505.06399999999996,41.14556,-73.30111
2000,Sasco 7,12167.605,41.14573,-73.30314
2000,Sasco 8,2206.995,41.14579,-73.30318
2000,Sasco 9,512.907,41.1528,-73.30605
2001,Hunt Club 1,15700,41.14587,-73.30357
2001,Hunt Club 2,820000,41.14786,-73.30736
2001,Hunt Club 3,4000,41.14685,-73.30846
2001,Hunt Club 5,22000,41.14708,-73.30917
2001,Sasco 1,2500,41.12478,-73.29888
2001,Sasco 3,6300,41.13702,-73.29708
2001,Sasco 4,8600,41.13813,-73.29793
2001,Sasco 6,4300,41.14556,-73.30111
2001,Sasco 7,11700,41.14573,-73.30314
2001,Sasco 9,3900,41.1528,-73.30605
2002,Hunt Club 2,180000,41.14786,-73.30736
2002,Indian 1,-Inf,41.11643,-73.37585
2002,Indian 2,-Inf,41.11837,-73.37903
2002,Indian 3,-Inf,41.12117,-73.37998
2002,Sasco 1,7800,41.12478,-73.29888
2002,Sasco 3,37000,41.13702,-73.29708
2002,Sasco 4,41000,41.13813,-73.29793
2002,Sasco 6,128,41.14556,-73.30111
2002,Sasco 9,264,41.1528,-73.30605
2003,Hunt Club 2,60000,41.14786,-73.30736
2003,Indian 1,5200,41.11643,-73.37585
2003,Indian 2,1900,41.11837,-73.37903
2003,Indian 3,2160,41.12117,-73.37998
2003,Sasco 1,22000,41.12478,-73.29888
2003,Sasco 3,29000,41.13702,-73.29708
2003,Sasco 4,9000,41.13813,-73.29793
2003,Sasco 5,12000,41.13853,-73.2979
2003,Sasco 6,4400,41.14556,-73.30111
2003,Sasco 9,1060,41.1528,-73.30605
2004,Hunt Club 2,260000,41.14786,-73.30736
2004,Sasco 1,280,41.12478,-73.29888
2004,Sasco 3,1560,41.13702,-73.29708
2004,Sasco 4,1860,41.13813,-73.29793
2004,Sasco 5,940,41.13853,-73.2979
2004,Sasco 6,22000,41.14556,-73.30111
2004,Sasco 9,560,41.1528,-73.30605
2005,Hunt Club 2,27000,41.14786,-73.30736
2005,Indian 1,15000,41.11643,-73.37585
2005,Indian 3,12000,41.12117,-73.37998
2005,Poplar 2,26000,41.16205,-73.37512
2005,SG1,2900,41.162278,-73.368167
2005,Sasco 5,1600,41.13853,-73.2979
2005,Sasco 6,920,41.14556,-73.30111
2005,Sasco 9,760,41.1528,-73.30605
2005,Saugatuck 1,2000,41.16748,-73.36647
2005,Saugatuck 2,1500,41.17553,-73.36193
2005,West Saug 1,60000,41.17809,-73.37404
2006,Hunt Club 2,69000,41.14786,-73.30736
2006,Indian 1,9300,41.11643,-73.37585
2006,Indian 3,2900,41.12117,-73.37998
2006,Lamplight 1,42000,41.11826,-73.34596
2006,Muddy 1,53000,41.12735,-73.329580000000007
2006,Muddy 6,43000,41.16444,-73.32521
2006,New 1,36000,41.118839,-73.316926
2006,New 2,24000,41.123344,-73.313794
2006,New 4,20000,41.13149,-73.313413
2006,Poplar 2,880,41.16205,-73.37512
2006,Pussy Willow 1,24000,41.1234,-73.34916
2006,Pussy Willow 2,18000,41.126496,-73.351695
2006,Pussy Willow 3,35000,41.129896,-73.34824
2006,SG1,800,41.162278,-73.368167
2006,Saugatuck 1,360,41.16748,-73.36647
2006,Saugatuck 2,250,41.17553,-73.36193
2006,West Saug 1,620,41.17809,-73.37404
2007,Indian 1,2400,41.11643,-73.37585
2007,Indian 3,2500,41.12117,-73.37998
2007,Poplar 2,50000,41.16205,-73.37512
2007,SG1,332,41.162278,-73.368167
2007,Saugatuck 1,2900,41.16748,-73.36647
2007,Saugatuck 2,228,41.17553,-73.36193
2007,West Saug 1,2000,41.17809,-73.37404
2008,Indian 1,900,41.11643,-73.37585
2008,Indian 3,1020,41.12117,-73.37998
2008,Lamplight 1,11800,41.11826,-73.34596
2008,Muddy 1,1420,41.12735,-73.329580000000007
2008,Muddy 3,25000,41.13857,-73.32546
2008,Muddy 4,12200,41.14107,-73.32172
2008,Muddy 6,13000,41.16444,-73.32521
2008,Poplar 2,750,41.16205,-73.37512
2008,SG1,590,41.162278,-73.368167
2008,Saugatuck 1,260,41.16748,-73.36647
2008,Saugatuck 2,176,41.17553,-73.36193
2008,West Saug 1,204,41.17809,-73.37404
2009,Lamplight 1,3600,41.11826,-73.34596
2009,Muddy 6,490,41.16444,-73.32521
2009,Poplar 1.5,3500,41.162424,-73.37263
2009,Poplar 2,300,41.16205,-73.37512
2009,Poplar 3,10200,41.15937,-73.3791
2009,Poplar 4,1140,41.15946,-73.38549
2009,Pussy Willow 1,4800,41.1234,-73.34916
2009,Pussy Willow 2,2500,41.126496,-73.351695
2009,Pussy Willow 3,1800,41.129896,-73.34824
2009,Pussy Willow 4,2000,41.136663,-73.34445
2009,SG1,1820,41.162278,-73.368167
2009,Saugatuck 1,116,41.16748,-73.36647
2010,Hunt Club 1,63000,41.14587,-73.30357
2010,Hunt Club 2,12300,41.14786,-73.30736
2010,Hunt Club 3,220,41.14685,-73.30846
2010,Hunt Club 4,1500,41.14649,-73.30862
2010,Hunt Club 5,25000,41.14708,-73.30917
2010,Lamplight 1,65000,41.11826,-73.34596
2010,Poplar 1.5,780,41.162424,-73.37263
2010,Poplar 2,940,41.16205,-73.37512
2010,Poplar 3,1000,41.15937,-73.3791
2010,Poplar 4,158,41.15946,-73.38549
2010,Pussy Willow 1,2900,41.1234,-73.34916
2010,Pussy Willow 2,3300,41.126496,-73.351695
2010,Pussy Willow 3,2220,41.129896,-73.34824
2010,Pussy Willow 4,2040,41.136663,-73.34445
2010,SG1,720,41.162278,-73.368167
2010,Sasco 1,48,41.12478,-73.29888
2010,Sasco 3,380,41.13702,-73.29708
2010,Sasco 4,600,41.13813,-73.29793
2010,Sasco 6,1820,41.14556,-73.30111
2010,Sasco 7,11000,41.14573,-73.30314
2010,Sasco 8,4800,41.14579,-73.30318
2010,Sasco 9,360,41.1528,-73.30605
2010,Saugatuck 1,88,41.16748,-73.36647
2011,Hunt Club 1,15700,41.14587,-73.30357
2011,Hunt Club 2,21000,41.14786,-73.30736
2011,Hunt Club 3,4000,41.14685,-73.30846
2011,Hunt Club 5,22000,41.14708,-73.30917
2011,Lamplight 1,900,41.11826,-73.34596
2011,Muddy 3,650,41.13857,-73.32546
2011,Muddy 4,1300,41.14107,-73.32172
2011,Poplar 1.5,164,41.162424,-73.37263
2011,Poplar 2,720,41.16205,-73.37512
2011,Poplar 3,2200,41.15937,-73.3791
2011,Poplar 4,1000,41.15946,-73.38549
2011,Poplar 4 Side,84,41.15946,-73.38549
2011,Pussy Willow 1,500,41.1234,-73.34916
2011,Pussy Willow 2,168,41.126496,-73.351695
2011,Pussy Willow 3,156,41.129896,-73.34824
2011,Pussy Willow 4,280,41.136663,-73.34445
2011,SG1,860,41.162278,-73.368167
2011,Sasco 4,232,41.13813,-73.29793
2011,Sasco 5,4100,41.13853,-73.2979
2011,Sasco 6,5000,41.14556,-73.30111
2011,Sasco 7,11700,41.14573,-73.30314
2011,Sasco 8,50,41.14579,-73.30318
2011,Sasco 9,3900,41.1528,-73.30605
2011,Saugatuck 1,1400,41.16748,-73.36647
2011,Saugatuck 2,1080,41.17553,-73.36193
2012,Deadman 1,1600,41.13975,-73.358428
2012,Deadman 10,3000,41.179736,-73.329331
2012,Deadman 2,360,41.141994,-73.358341
2012,Deadman 3,160,41.146818,-73.354342
2012,Deadman 4,14000,41.154866,-73.3413
2012,Deadman 5,30000,41.158688,-73.334975
2012,Deadman 7,30000,41.165024,-73.334193
2012,Deadman 8,12000,41.172671,-73.33152
2012,Deadman 9,6800,41.178255,-73.33006
2012,Hunt Club 2,10000,41.14786,-73.30736
2012,Hunt Club 3,1900,41.14685,-73.30846
2012,Hunt Club 4,1140,41.14649,-73.30862
2012,Hunt Club 5,3600000,41.14708,-73.30917
2012,Lamplight 1,27000,41.11826,-73.34596
2012,Muddy 3,8000,41.13857,-73.32546
2012,Muddy 4,19000,41.14107,-73.32172
2012,New 0.5,510,41.11657,-73.3187
2012,New 1,1900,41.118839,-73.316926
2012,New 2,3500,41.123344,-73.313794
2012,New 3,6500,41.130641,-73.31282
2012,Pussy Willow 1,14000,41.1234,-73.34916
2012,Pussy Willow 2,13000,41.126496,-73.351695
2012,Pussy Willow 3,8000,41.129896,-73.34824
2012,Pussy Willow 4,20000,41.136663,-73.34445
2012,Pussy Willow 5,20000,41.140038,-73.34506
2012,Sasco 3,1280,41.13702,-73.29708
2012,Sasco 4,966,41.13813,-73.29793
2012,Sasco 5,340,41.13853,-73.2979
2012,Sasco 6,1160,41.14556,-73.30111
2012,Sasco 9,1260,41.1528,-73.30605
2013,Deadman 1,38000,41.13975,-73.358428
2013,Deadman 10,1500,41.179736,-73.329331
2013,Deadman 2,33000,41.141994,-73.358341
2013,Deadman 3,28000,41.146818,-73.354342
2013,Deadman 4,25000,41.154866,-73.3413
2013,Deadman 5,24000,41.158688,-73.334975
2013,Deadman 7,28000,41.165024,-73.334193
2013,Deadman 7.2,24000,41.167603,-73.332004
2013,Deadman 8,5900,41.172671,-73.33152
2013,Deadman 9,2800,41.178255,-73.33006
2013,Hunt Club 1,500,41.14587,-73.30357
2013,Hunt Club 2,5100,41.14786,-73.30736
2013,Hunt Club 3,410,41.14685,-73.30846
2013,Hunt Club 4,150,41.14649,-73.30862
2013,Hunt Club 5,11000,41.14708,-73.30917
2013,Muddy 3,1400,41.13857,-73.32546
2013,Muddy 4,900,41.14107,-73.32172
2013,New 0.5,40,41.11657,-73.3187
2013,New 1,8,41.118839,-73.316926
2013,New 2,800,41.123344,-73.313794
2013,New 3,400,41.130641,-73.31282
2013,New 4,1120,41.13149,-73.313413
2013,Pussy Willow 1,2900,41.1234,-73.34916
2013,Pussy Willow 2,2300,41.126496,-73.351695
2013,Pussy Willow 3,1900,41.129896,-73.34824
2013,Pussy Willow 4,1300,41.136663,-73.34445
2013,Pussy Willow 5,2900,41.140038,-73.34506
2013,Sasco 3,800,41.13702,-73.29708
2013,Sasco 4,340,41.13813,-73.29793
2013,Sasco 5,1200,41.13853,-73.2979
2013,Sasco 6,300,41.14556,-73.30111
2013,Sasco 9,600,41.1528,-73.30605
2013,Stony 1,100,41.132228,-73.36838
2013,Stony 2,540,41.136532,-73.369931
2013,Stony 3,64,41.143217,-73.380624
2013,Stony 4,200,41.148829,-73.384235
2013,Stony 5,32,41.150327,-73.387394
2014,Hunt Club 1,330000,41.14587,-73.30357
2014,Hunt Club 2,310000,41.14786,-73.30736
2014,Hunt Club 3,10000,41.14685,-73.30846
2014,Hunt Club 4,7200,41.14649,-73.30862
2014,Hunt Club 5,1000000,41.14708,-73.30917
2014,Indian 1,560,41.11643,-73.37585
2014,Indian 2,210,41.11837,-73.37903
2014,Indian 3,220,41.12117,-73.37998
2014,Muddy 3,19000,41.13857,-73.32546
2014,Muddy 4,1700,41.14107,-73.32172
2014,Pussy Willow 1,150,41.1234,-73.34916
2014,Pussy Willow 2,900,41.126496,-73.351695
2014,Pussy Willow 3,500,41.129896,-73.34824
2014,Pussy Willow 4,7600,41.136663,-73.34445
2014,Pussy Willow 5,640,41.140038,-73.34506
2014,Sasco 1,340,41.12478,-73.29888
2014,Sasco 2,1060,41.13293,-73.29675
2014,Sasco 3,1000000,41.13702,-73.29708
2014,Sasco 4,18000,41.13813,-73.29793
2014,Sasco 7,66000,41.14573,-73.30314
2014,Sasco 8,9000,41.14579,-73.30318
2015,Hunt Club 1,27000,41.14587,-73.30357
2015,Hunt Club 2,20000,41.14786,-73.30736
2015,Hunt Club 3,2000,41.14685,-73.30846
2015,Hunt Club 4,6000,41.14649,-73.30862
2015,Hunt Club 5,840000,41.14708,-73.30917
2015,Muddy 1,9000,41.12735,-73.329580000000007
2015,Muddy 3,5600,41.13857,-73.32546
2015,Muddy 4,10000,41.14107,-73.32172
2015,Sasco 7,85000,41.14573,-73.30314
2015,Sasco 8,17000,41.14579,-73.30318
2016,Hunt Club 1,185000,41.14587,-73.30357
2016,Hunt Club 2,58000,41.14786,-73.30736
2016,Hunt Club 3,22000,41.14685,-73.30846
2016,Hunt Club 4,3100,41.14649,-73.30862
2016,Hunt Club 5,10000,41.14708,-73.30917
2016,Indian 1,1240,41.11643,-73.37585
2016,Indian 2,680,41.11837,-73.37903
2016,Indian 3,216,41.12117,-73.37998
2016,Lamplight 1,9000,41.11826,-73.34596
2016,Muddy 0.5,4800,41.12463,-73.33206
2016,Muddy 1,5100,41.12735,-73.329580000000007
2016,New 1,920,41.118839,-73.316926
2016,New 1.5,2600,41.120757,-73.31513
2016,Poplar 1,1000,41.16173,-73.36938
2016,Poplar 2,900,41.16205,-73.37512
2016,Poplar 3,10000,41.15937,-73.3791
2016,Poplar 4,2600,41.15946,-73.38549
2016,Pussy Willow 1,2300,41.1234,-73.34916
2016,Sasco 1,340,41.12478,-73.29888
2016,Sasco 2,540,41.13293,-73.29675
2016,Sasco 3,1460,41.13702,-73.29708
2016,Sasco 4,264,41.13813,-73.29793
2016,Sasco 5,288,41.13853,-73.2979
2016,Sasco 6,248,41.14556,-73.30111
2016,Sasco 7,1460,41.14573,-73.30314
2016,Sasco 8,1040,41.14579,-73.30318
2016,Sasco 9,460,41.1528,-73.30605
2016,Saugatuck 1,540,41.16748,-73.36647
2016,Saugatuck 2,440,41.17553,-73.36193
2016,West Saug 1,400,41.17809,-73.37404
2017,Indian 1,860,41.11643,-73.37585
2017,Indian 2,8600,41.11837,-73.37903
2017,Indian 3,6700,41.12117,-73.37998
2017,Lamplight 1,1100,41.11826,-73.34596
2017,Muddy 0.5,840,41.12463,-73.33206
2017,Muddy 1,630,41.12735,-73.329580000000007
2017,Muddy 2,1800,41.13293,-73.32859
2017,Muddy 3,2500,41.13857,-73.32546
2017,Muddy 4,1650,41.14107,-73.32172
2017,Muddy 5,2000,41.14686,-73.31809
2017,Muddy 6,1600,41.16444,-73.32521
2017,Poplar 1,400,41.16173,-73.36938
2017,Poplar 2,184,41.16205,-73.37512
2017,Poplar 4,560,41.15946,-73.38549
2017,Saugatuck 1,1980,41.16748,-73.36647
2017,Saugatuck 2,960,41.17553,-73.36193
2017,West Saug 1,1000,41.17809,-73.37404
2018,Deadman 1,3600,41.13975,-73.358428
2018,Deadman 2,1360,41.141994,-73.358341
2018,Deadman 3,2900,41.146818,-73.354342
2018,Deadman 3.5,1220,41.151413,-73.347821
2018,Deadman 4,960,41.154866,-73.3413
2018,Deadman 5,950,41.158688,-73.334975
2018,Deadman 7,5800,41.165024,-73.334193
2018,Deadman 8,660,41.172671,-73.33152
2018,Deadman 9,80,41.178255,-73.33006
2018,Hunt Club 1,300,41.14587,-73.30357
2018,Hunt Club 2,560,41.14786,-73.30736
2018,Indian 1,2100,41.11643,-73.37585
2018,Indian 2,2000,41.11837,-73.37903
2018,Indian 3,2300,41.12117,-73.37998
2018,Muddy 1,1560,41.12735,-73.329580000000007
2018,Muddy 2,2050,41.13293,-73.32859
2018,Muddy 3,7500,41.13857,-73.32546
2018,Muddy 4,3300,41.14107,-73.32172
2018,Muddy 5,2600,41.14686,-73.31809
2018,Muddy 6,1900,41.16444,-73.32521
2018,Sasco 1,2700,41.12478,-73.29888
2018,Sasco 2,2500,41.13293,-73.29675
2018,Sasco 3,2200,41.13702,-73.29708
2018,Sasco 6,1600,41.14556,-73.30111
2018,Sasco 7,1400,41.14573,-73.30314
2018,Sasco 8,1900,41.14579,-73.30318
2018,Sasco 9,2000,41.1528,-73.30605
2018,Saugatuck 0.25,1520,41.122744,-73.369119
2018,Saugatuck 0.5,1500,41.140978,-73.363115
2018,Saugatuck 0.75,1460,41.147191,-73.36469
2018,Saugatuck 1,1160,41.16748,-73.36647
2018,Saugatuck 2,740,41.17553,-73.36193
2018,Stony 1,12000,41.132228,-73.36838
2018,Stony 2,540,41.136532,-73.369931
2018,Stony 3,8700,41.143217,-73.380624
2018,Stony 5,10000,41.150327,-73.387394
2018,West Saug 1,1000,41.17809,-73.37404
2019,Hunt Club 1,548,41.14587,-73.30357
2019,Hunt Club 2,2420,41.14786,-73.30736
2019,Indian 1,2420,41.11643,-73.37585
2019,Indian 2,2420,41.11837,-73.37903
2019,Indian 3,2420,41.12117,-73.37998
2019,Lamplight 1,1300,41.11826,-73.34596
2019,Muddy 1,2420,41.12735,-73.329580000000007
2019,Muddy 2,2420,41.13293,-73.32859
2019,Muddy 3,2420,41.13857,-73.32546
2019,Muddy 4,2420,41.14107,-73.32172
2019,Muddy 5,2420,41.14686,-73.31809
2019,Muddy 6,2420,41.16444,-73.32521
2019,New 1,452,41.118839,-73.316926
2019,New 3,579,41.130641,-73.31282
2019,New 4,613,41.13149,-73.313413
2019,Pussy Willow 1.5,435,NA,NA
2019,Pussy Willow 2,4839,41.126496,-73.351695
2019,Pussy Willow 2.5,4839,41.128216,-73.35032
2019,Pussy Willow 3,2420,41.129896,-73.34824
2019,Pussy Willow 4,4839,41.136663,-73.34445
2019,Pussy Willow 5,4839,41.140038,-73.34506
2019,Sasco 1,19863,41.12478,-73.29888
2019,Sasco 2,17329,41.13293,-73.29675
2019,Sasco 3,17329,41.13702,-73.29708
2019,Sasco 6,2420,41.14556,-73.30111
2019,Sasco 7,2420,41.14573,-73.30314
2019,Sasco 8,210,41.14579,-73.30318
2019,Sasco 9,2420,41.1528,-73.30605
2019,Saugatuck 0.25,5172,41.122744,-73.369119
2019,Saugatuck 0.5,3255,41.140978,-73.363115
2019,Saugatuck 0.75,2382,41.147191,-73.36469
2019,Saugatuck 1,2420,41.16748,-73.36647
2019,Saugatuck 2,1986,41.17553,-73.36193
2019,Stony 1,2420,41.132228,-73.36838
2019,Stony 1.5/drain,2014,NA,NA
2019,Stony 2,2420,41.136532,-73.369931
2019,Stony 3,1986,41.143217,-73.380624
2019,Stony 4,2420,41.148829,-73.384235
2019,Stony 5,2420,41.150327,-73.387394
2019,West Saug 1,2420,41.17809,-73.37404
2020,Deadman 0.5,74.5,41.13874,-73.3607
2020,Deadman 1,12033.3,41.13975,-73.358428
2020,Deadman 2,1454,41.141994,-73.358341
2020,Deadman 3,4839.2,41.146818,-73.354342
2020,Deadman 3.5,3972.6,41.151413,-73.347821
2020,Deadman 4,1960.8,41.154866,-73.3413
2020,Deadman 5,1732.9,41.158688,-73.334975
2020,Deadman 7,2419.6,41.165024,-73.334193
2020,Deadman 7.1,4839.2,41.16631,-73.3332
2020,Deadman 7.3,4839.2,41.170026,-73.331306
2020,Deadman 8,2419.6,41.172671,-73.33152
2020,Deadman 9,1299.7,41.178255,-73.33006
2020,Hunt Club 1,2142.6,41.14587,-73.30357
2020,Hunt Club 2,1841.7,41.14786,-73.30736
2020,Saugatuck 0.25,495.9,41.122744,-73.369119
2020,Saugatuck 0.5,247.2,41.140978,-73.363115
2020,Saugatuck 0.75,157.9,41.147191,-73.36469
2020,Saugatuck 1,435.2,41.16748,-73.36647
2020,Saugatuck 2,135.4,41.17553,-73.36193
2020,Stony 1,4105.8,41.132228,-73.36838
2020,Stony 1.5,3106.2,41.13313,-73.3687
2020,Stony 2,2419.6,41.136532,-73.369931
2020,Stony 3,4839.2,41.143217,-73.380624
2020,Stony 4,4839.2,41.148829,-73.384235
2020,Stony 5,547.5,41.150327,-73.387394
2020,West Saug 1,435.2,41.17809,-73.37404
2021,Deadman 0.5,1373.3,41.13874,-73.3607
2021,Deadman 1,24196,41.13975,-73.358428
2021,Deadman 1.6,1034.4,NA,NA
2021,Deadman 2,9678.3,41.141994,-73.358341
2021,Deadman 2310,-Inf,NA,NA
2021,Deadman 2311,-Inf,NA,NA
2021,Deadman 3,9678.4,41.146818,-73.354342
2021,Deadman 3.5,4839.2,41.151413,-73.347821
2021,Deadman 4,4839.2,41.154866,-73.3413
2021,Deadman 5,4839.2,41.158688,-73.334975
2021,Deadman 7,4839.2,41.165024,-73.334193
2021,Deadman 8,4839.1,41.172671,-73.33152
2021,Deadman 9,2599.3,41.178255,-73.33006
2021,Hunt Club 1,2419.6,41.14587,-73.30357
2021,Hunt Club 2,4839.2,41.14786,-73.30736
2021,Outfall at Deadman 1,-Inf,NA,NA
2021,Outfall upstream at Deadman 1,-Inf,NA,NA
2021,Sasco 1,4105.8,41.12478,-73.29888
2021,Sasco 2,3255.4,41.13293,-73.29675
2021,Sasco 3,24195.7,41.13702,-73.29708
2021,Sasco 4,3255.4,41.13813,-73.29793
2021,Sasco 6,2419.6,41.14556,-73.30111
2021,Sasco 7,2419.6,41.14573,-73.30314
2021,Sasco 9,2419.6,41.1528,-73.30605
2021,Saugatuck 0.25,255.9,41.122744,-73.369119
2021,Saugatuck 0.5,230.7,41.140978,-73.363115
2021,Saugatuck 0.75,213.3,41.147191,-73.36469
2021,Saugatuck 1,122.4,41.16748,-73.36647
2021,Saugatuck 2,172.2,41.17553,-73.36193
2021,Stony 1,161.3,41.132228,-73.36838
2021,Stony 1.5,428.4,41.13313,-73.3687
2021,Stony 2,52.1,41.136532,-73.369931
2021,Stony 2.5,121.1,41.136888,-73.370948
2021,West Saug 1,-Inf,41.17809,-73.37404
2021,West Saug 1.5,167.4,41.178204,-73.380031
2022,Deadman 1,19862.9,41.13975,-73.358428
2022,Deadman 2,9678.4,41.141994,-73.358341
2022,Deadman 3,9678.4,41.146818,-73.354342
2022,Deadman 3.5,9678.4,41.151413,-73.347821
2022,Deadman 4,9678.4,41.154866,-73.3413
2022,Deadman 5,9678.4,41.158688,-73.334975
2022,Deadman 7,9678.4,41.165024,-73.334193
2022,Deadman 8,9678.4,41.172671,-73.33152
2022,Deadman 9,7945.2,41.178255,-73.33006
2022,Hunt Club 1,2419.6,41.14587,-73.30357
2022,Hunt Club 2,2419.6,41.14786,-73.30736
2022,Indian 1,24196,41.11643,-73.37585
2022,Indian 1.5,24196,41.116346,-73.378662
2022,Indian 1.75,1119.9,41.117317,-73.379279
2022,Indian 2,24196,41.11837,-73.37903
2022,Indian 3,24196,41.12117,-73.37998
2022,Indian 3.1,1553.1,41.122459,-73.380479
2022,Muddy 1,12033.3,41.12735,-73.329580000000007
2022,Muddy 2,9803.9,41.13293,-73.32859
2022,Muddy 3,12996.5,41.13857,-73.32546
2022,Muddy 4,7269.9,41.14107,-73.32172
2022,Muddy 5,6488.2,41.14686,-73.31809
2022,Muddy 6,6131.4,41.16444,-73.32521
2022,Sasco 1,14136.1,41.12478,-73.29888
2022,Sasco 2,10111.6,41.13293,-73.29675
2022,Sasco 3,24196,41.13702,-73.29708
2022,Sasco 4,24196,41.13813,-73.29793
2022,Sasco 6,2419.6,41.14556,-73.30111
2022,Sasco 7,2419.6,41.14573,-73.30314
2022,Sasco 9,2419.6,41.1528,-73.30605
2022,Saugatuck 0.25,4105.8,41.122744,-73.369119
2022,Saugatuck 0.5,4105.8,41.140978,-73.363115
2022,Saugatuck 0.75,2612.5,41.147191,-73.36469
2022,Saugatuck 1,4611.1,41.16748,-73.36647
2022,Stony 1,19862.9,41.132228,-73.36838
2022,Stony 1.5,1095,41.13313,-73.3687
2022,Stony 1.5 Downstream,1297.6,41.133107,-73.368682
2022,Stony 1.6,186.5,NA,NA
2022,Stony 1.7,74.7,NA,NA
2022,Stony 2,2489,41.136532,-73.369931
2022,Stony 3,24196,41.143217,-73.380624
2022,Stony 4,19862.9,41.148829,-73.384235
2022,Stony 5,7701,41.150327,-73.387394
2023,Deadman 1,8164.0999999999995,41.13975,-73.358428
2023,Deadman 2,2239.74,41.141994,-73.358341
2023,Deadman 3,2599.3,41.146818,-73.354342
2023,Deadman 3.5,1540.2,41.151413,-73.347821
2023,Deadman 4,3465.78,41.154866,-73.3413
2023,Deadman 5,1732.88,41.158688,-73.334975
2023,Deadman 7,3465.78,41.165024,-73.334193
2023,Deadman 8,1732.88,41.172671,-73.33152
2023,Deadman 9,9678.4,41.178255,-73.33006
2023,Hunt Club 1,4839.2,41.14587,-73.30357
2023,Hunt Club 2,4839.14,41.14786,-73.30736
2023,Indian 1,4839.2,41.11643,-73.37585
2023,Indian 1.5,9678.4,41.116346,-73.378662
2023,Indian 2,3106.24,41.11837,-73.37903
2023,Indian 3,3972.58,41.12117,-73.37998
2023,New 0.5,472.5,41.11657,-73.3187
2023,New 1,11198.699999999999,41.118839,-73.316926
2023,New 1.5,14136.099999999999,41.120757,-73.31513
2023,New 2,1354,41.123344,-73.313794
2023,New 3,2419.6,41.130641,-73.31282
2023,Sasco 1,8164.0999999999995,41.12478,-73.29888
2023,Sasco 2,5794.299999999999,41.13293,-73.29675
2023,Sasco 3,4351.7,41.13702,-73.29708
2023,Sasco 4,3075.8999999999996,41.13813,-73.29793
2023,Sasco 6,1553.12,41.14556,-73.30111
2023,Sasco 7,1158.86,41.14573,-73.30314
2023,Sasco 9,1413.61,41.1528,-73.30605
2023,Stony 1,14136.099999999999,41.132228,-73.36838
2023,Stony 2,1049.46,41.136532,-73.369931
2023,Stony 3,3106.24,41.143217,-73.380624
2023,Stony 4,4839.2,41.148829,-73.384235
2023,Stony 5,4839.2,41.150327,-73.387394
